Country Name,Country Code,Series Name,Series Code,2019 [YR2019]
Afghanistan,AFG,"GDP per capita, PPP (current international $)",NY.GDP.PCAP.PP.CD,2167.70411054404
Afghanistan,AFG,"Mortality rate, under-5 (per 1,000 live births)",SH.DYN.MORT,59.9
Afghanistan,AFG,"Population, total",SP.POP.TOTL,37769499
Afghanistan,AFG,"Life expectancy at birth, total (years)",SP.DYN.LE00.IN,63.565
Albania,ALB,"GDP per capita, PPP (current international $)",NY.GDP.PCAP.PP.CD,14407.3656909018
Albania,ALB,"Mortality rate, under-5 (per 1,000 live births)",SH.DYN.MORT,9.4
Albania,ALB,"Population, total",SP.POP.TOTL,2854191
Albania,ALB,"Life expectancy at birth, total (years)",SP.DYN.LE00.IN,79.282
Algeria,DZA,"GDP per capita, PPP (current international $)",NY.GDP.PCAP.PP.CD,12118.0045004936
Algeria,DZA,"Mortality rate, under-5 (per 1,000 live births)",SH.DYN.MORT,23.5
Algeria,DZA,"Population, total",SP.POP.TOTL,42705368
Algeria,DZA,"Life expectancy at birth, total (years)",SP.DYN.LE00.IN,76.474
American Samoa,ASM,"GDP per capita, PPP (current international $)",NY.GDP.PCAP.PP.CD,..
American Samoa,ASM,"Mortality rate, under-5 (per 1,000 live births)",SH.DYN.MORT,..
American Samoa,ASM,"Population, total",SP.POP.TOTL,47321
American Samoa,ASM,"Life expectancy at birth, total (years)",SP.DYN.LE00.IN,..
Andorra,AND,"GDP per capita, PPP (current international $)",NY.GDP.PCAP.PP.CD,..
Andorra,AND,"Mortality rate, under-5 (per 1,000 live births)",SH.DYN.MORT,3
Andorra,AND,"Population, total",SP.POP.TOTL,76343
Andorra,AND,"Life expectancy at birth, total (years)",SP.DYN.LE00.IN,..
Angola,AGO,"GDP per capita, PPP (current international $)",NY.GDP.PCAP.PP.CD,6881.07624117546
Angola,AGO,"Mortality rate, under-5 (per 1,000 live births)",SH.DYN.MORT,75
Angola,AGO,"Population, total",SP.POP.TOTL,32353588
Angola,AGO,"Life expectancy at birth, total (years)",SP.DYN.LE00.IN,62.448
Antigua and Barbuda,ATG,"GDP per capita, PPP (current international $)",NY.GDP.PCAP.PP.CD,24007.8684845165
Antigua and Barbuda,ATG,"Mortality rate, under-5 (per 1,000 live births)",SH.DYN.MORT,6.6
Antigua and Barbuda,ATG,"Population, total",SP.POP.TOTL,92117
Antigua and Barbuda,ATG,"Life expectancy at birth, total (years)",SP.DYN.LE00.IN,78.691
Argentina,ARG,"GDP per capita, PPP (current international $)",NY.GDP.PCAP.PP.CD,23003.2771805423
Argentina,ARG,"Mortality rate, under-5 (per 1,000 live births)",SH.DYN.MORT,8.6
Argentina,ARG,"Population, total",SP.POP.TOTL,44938712
Argentina,ARG,"Life expectancy at birth, total (years)",SP.DYN.LE00.IN,77.284
Armenia,ARM,"GDP per capita, PPP (current international $)",NY.GDP.PCAP.PP.CD,14921.8193191784
Armenia,ARM,"Mortality rate, under-5 (per 1,000 live births)",SH.DYN.MORT,11.8
Armenia,ARM,"Population, total",SP.POP.TOTL,2820602
Armenia,ARM,"Life expectancy at birth, total (years)",SP.DYN.LE00.IN,75.439
Aruba,ABW,"GDP per capita, PPP (current international $)",NY.GDP.PCAP.PP.CD,42501.6415538621
Aruba,ABW,"Mortality rate, under-5 (per 1,000 live births)",SH.DYN.MORT,..
Aruba,ABW,"Population, total",SP.POP.TOTL,106442
Aruba,ABW,"Life expectancy at birth, total (years)",SP.DYN.LE00.IN,76.248
Australia,AUS,"GDP per capita, PPP (current international $)",NY.GDP.PCAP.PP.CD,51908.9098730304
Australia,AUS,"Mortality rate, under-5 (per 1,000 live births)",SH.DYN.MORT,3.8
Australia,AUS,"Population, total",SP.POP.TOTL,25340217
Australia,AUS,"Life expectancy at birth, total (years)",SP.DYN.LE00.IN,82.9
Austria,AUT,"GDP per capita, PPP (current international $)",NY.GDP.PCAP.PP.CD,59756.4472491701
Austria,AUT,"Mortality rate, under-5 (per 1,000 live births)",SH.DYN.MORT,3.6
Austria,AUT,"Population, total",SP.POP.TOTL,8879920
Austria,AUT,"Life expectancy at birth, total (years)",SP.DYN.LE00.IN,81.8951219512195
Azerbaijan,AZE,"GDP per capita, PPP (current international $)",NY.GDP.PCAP.PP.CD,15051.5612816033
Azerbaijan,AZE,"Mortality rate, under-5 (per 1,000 live births)",SH.DYN.MORT,20.4
Azerbaijan,AZE,"Population, total",SP.POP.TOTL,10024283
Azerbaijan,AZE,"Life expectancy at birth, total (years)",SP.DYN.LE00.IN,73.102
"Bahamas, The",BHS,"GDP per capita, PPP (current international $)",NY.GDP.PCAP.PP.CD,36645.8211166295
"Bahamas, The",BHS,"Mortality rate, under-5 (per 1,000 live births)",SH.DYN.MORT,23.4
"Bahamas, The",BHS,"Population, total",SP.POP.TOTL,404557
"Bahamas, The",BHS,"Life expectancy at birth, total (years)",SP.DYN.LE00.IN,71.205
Bahrain,BHR,"GDP per capita, PPP (current international $)",NY.GDP.PCAP.PP.CD,51869.4554543792
Bahrain,BHR,"Mortality rate, under-5 (per 1,000 live births)",SH.DYN.MORT,7.1
Bahrain,BHR,"Population, total",SP.POP.TOTL,1494188
Bahrain,BHR,"Life expectancy at birth, total (years)",SP.DYN.LE00.IN,80.019
Bangladesh,BGD,"GDP per capita, PPP (current international $)",NY.GDP.PCAP.PP.CD,5697.9492180924
Bangladesh,BGD,"Mortality rate, under-5 (per 1,000 live births)",SH.DYN.MORT,30.4
Bangladesh,BGD,"Population, total",SP.POP.TOTL,165516222
Bangladesh,BGD,"Life expectancy at birth, total (years)",SP.DYN.LE00.IN,72.806
Barbados,BRB,"GDP per capita, PPP (current international $)",NY.GDP.PCAP.PP.CD,16628.1685712154
Barbados,BRB,"Mortality rate, under-5 (per 1,000 live births)",SH.DYN.MORT,12.7
Barbados,BRB,"Population, total",SP.POP.TOTL,280180
Barbados,BRB,"Life expectancy at birth, total (years)",SP.DYN.LE00.IN,77.257
Belarus,BLR,"GDP per capita, PPP (current international $)",NY.GDP.PCAP.PP.CD,20092.8803713875
Belarus,BLR,"Mortality rate, under-5 (per 1,000 live births)",SH.DYN.MORT,3.1
Belarus,BLR,"Population, total",SP.POP.TOTL,9419758
Belarus,BLR,"Life expectancy at birth, total (years)",SP.DYN.LE00.IN,74.2268292682927
Belgium,BEL,"GDP per capita, PPP (current international $)",NY.GDP.PCAP.PP.CD,55753.5507478243
Belgium,BEL,"Mortality rate, under-5 (per 1,000 live births)",SH.DYN.MORT,4.1
Belgium,BEL,"Population, total",SP.POP.TOTL,11488980
Belgium,BEL,"Life expectancy at birth, total (years)",SP.DYN.LE00.IN,81.9951219512195
Belize,BLZ,"GDP per capita, PPP (current international $)",NY.GDP.PCAP.PP.CD,9409.59779932607
Belize,BLZ,"Mortality rate, under-5 (per 1,000 live births)",SH.DYN.MORT,12.3
Belize,BLZ,"Population, total",SP.POP.TOTL,389095
Belize,BLZ,"Life expectancy at birth, total (years)",SP.DYN.LE00.IN,73.931
Benin,BEN,"GDP per capita, PPP (current international $)",NY.GDP.PCAP.PP.CD,3289.65516924035
Benin,BEN,"Mortality rate, under-5 (per 1,000 live births)",SH.DYN.MORT,88.6
Benin,BEN,"Population, total",SP.POP.TOTL,12290444
Benin,BEN,"Life expectancy at birth, total (years)",SP.DYN.LE00.IN,60.454
Bermuda,BMU,"GDP per capita, PPP (current international $)",NY.GDP.PCAP.PP.CD,85129.0704598802
Bermuda,BMU,"Mortality rate, under-5 (per 1,000 live births)",SH.DYN.MORT,..
Bermuda,BMU,"Population, total",SP.POP.TOTL,63911
Bermuda,BMU,"Life expectancy at birth, total (years)",SP.DYN.LE00.IN,81.8665853658537
Bhutan,BTN,"GDP per capita, PPP (current international $)",NY.GDP.PCAP.PP.CD,12295.1837429135
Bhutan,BTN,"Mortality rate, under-5 (per 1,000 live births)",SH.DYN.MORT,28.5
Bhutan,BTN,"Population, total",SP.POP.TOTL,767459
Bhutan,BTN,"Life expectancy at birth, total (years)",SP.DYN.LE00.IN,71.391
Bolivia,BOL,"GDP per capita, PPP (current international $)",NY.GDP.PCAP.PP.CD,8888.70114945264
Bolivia,BOL,"Mortality rate, under-5 (per 1,000 live births)",SH.DYN.MORT,26.6
Bolivia,BOL,"Population, total",SP.POP.TOTL,11777315
Bolivia,BOL,"Life expectancy at birth, total (years)",SP.DYN.LE00.IN,67.841
Bosnia and Herzegovina,BIH,"GDP per capita, PPP (current international $)",NY.GDP.PCAP.PP.CD,15898.2432895632
Bosnia and Herzegovina,BIH,"Mortality rate, under-5 (per 1,000 live births)",SH.DYN.MORT,5.9
Bosnia and Herzegovina,BIH,"Population, total",SP.POP.TOTL,3360711
Bosnia and Herzegovina,BIH,"Life expectancy at birth, total (years)",SP.DYN.LE00.IN,77.241
Botswana,BWA,"GDP per capita, PPP (current international $)",NY.GDP.PCAP.PP.CD,15756.04377791
Botswana,BWA,"Mortality rate, under-5 (per 1,000 live births)",SH.DYN.MORT,37.7
Botswana,BWA,"Population, total",SP.POP.TOTL,2499702
Botswana,BWA,"Life expectancy at birth, total (years)",SP.DYN.LE00.IN,65.464
Brazil,BRA,"GDP per capita, PPP (current international $)",NY.GDP.PCAP.PP.CD,15304.9076953685
Brazil,BRA,"Mortality rate, under-5 (per 1,000 live births)",SH.DYN.MORT,14.9
Brazil,BRA,"Population, total",SP.POP.TOTL,211782878
Brazil,BRA,"Life expectancy at birth, total (years)",SP.DYN.LE00.IN,75.338
British Virgin Islands,VGB,"GDP per capita, PPP (current international $)",NY.GDP.PCAP.PP.CD,..
British Virgin Islands,VGB,"Mortality rate, under-5 (per 1,000 live births)",SH.DYN.MORT,11.2
British Virgin Islands,VGB,"Population, total",SP.POP.TOTL,30610
British Virgin Islands,VGB,"Life expectancy at birth, total (years)",SP.DYN.LE00.IN,75.863
Brunei Darussalam,BRN,"GDP per capita, PPP (current international $)",NY.GDP.PCAP.PP.CD,64016.7544304588
Brunei Darussalam,BRN,"Mortality rate, under-5 (per 1,000 live births)",SH.DYN.MORT,11.4
Brunei Darussalam,BRN,"Population, total",SP.POP.TOTL,438048
Brunei Darussalam,BRN,"Life expectancy at birth, total (years)",SP.DYN.LE00.IN,74.748
Bulgaria,BGR,"GDP per capita, PPP (current international $)",NY.GDP.PCAP.PP.CD,25170.0499268478
Bulgaria,BGR,"Mortality rate, under-5 (per 1,000 live births)",SH.DYN.MORT,6.7
Bulgaria,BGR,"Population, total",SP.POP.TOTL,6975761
Bulgaria,BGR,"Life expectancy at birth, total (years)",SP.DYN.LE00.IN,75.1121951219512
Burkina Faso,BFA,"GDP per capita, PPP (current international $)",NY.GDP.PCAP.PP.CD,2199.11662609236
Burkina Faso,BFA,"Mortality rate, under-5 (per 1,000 live births)",SH.DYN.MORT,88.2
Burkina Faso,BFA,"Population, total",SP.POP.TOTL,20951639
Burkina Faso,BFA,"Life expectancy at birth, total (years)",SP.DYN.LE00.IN,60.039
Burundi,BDI,"GDP per capita, PPP (current international $)",NY.GDP.PCAP.PP.CD,760.453398933166
Burundi,BDI,"Mortality rate, under-5 (per 1,000 live births)",SH.DYN.MORT,56.7
Burundi,BDI,"Population, total",SP.POP.TOTL,11874838
Burundi,BDI,"Life expectancy at birth, total (years)",SP.DYN.LE00.IN,62.351
Cabo Verde,CPV,"GDP per capita, PPP (current international $)",NY.GDP.PCAP.PP.CD,7123.5505292386
Cabo Verde,CPV,"Mortality rate, under-5 (per 1,000 live births)",SH.DYN.MORT,15
Cabo Verde,CPV,"Population, total",SP.POP.TOTL,577030
Cabo Verde,CPV,"Life expectancy at birth, total (years)",SP.DYN.LE00.IN,76.004
Cambodia,KHM,"GDP per capita, PPP (current international $)",NY.GDP.PCAP.PP.CD,4652.70816696785
Cambodia,KHM,"Mortality rate, under-5 (per 1,000 live births)",SH.DYN.MORT,26.8
Cambodia,KHM,"Population, total",SP.POP.TOTL,16207746
Cambodia,KHM,"Life expectancy at birth, total (years)",SP.DYN.LE00.IN,70.692
Cameroon,CMR,"GDP per capita, PPP (current international $)",NY.GDP.PCAP.PP.CD,3915.05150786601
Cameroon,CMR,"Mortality rate, under-5 (per 1,000 live births)",SH.DYN.MORT,75.1
Cameroon,CMR,"Population, total",SP.POP.TOTL,25782341
Cameroon,CMR,"Life expectancy at birth, total (years)",SP.DYN.LE00.IN,61.584
Canada,CAN,"GDP per capita, PPP (current international $)",NY.GDP.PCAP.PP.CD,49783.4118660894
Canada,CAN,"Mortality rate, under-5 (per 1,000 live births)",SH.DYN.MORT,5.2
Canada,CAN,"Population, total",SP.POP.TOTL,37601230
Canada,CAN,"Life expectancy at birth, total (years)",SP.DYN.LE00.IN,82.0487804878049
Cayman Islands,CYM,"GDP per capita, PPP (current international $)",NY.GDP.PCAP.PP.CD,75458.5686955195
Cayman Islands,CYM,"Mortality rate, under-5 (per 1,000 live births)",SH.DYN.MORT,..
Cayman Islands,CYM,"Population, total",SP.POP.TOTL,66134
Cayman Islands,CYM,"Life expectancy at birth, total (years)",SP.DYN.LE00.IN,..
Central African Republic,CAF,"GDP per capita, PPP (current international $)",NY.GDP.PCAP.PP.CD,898.137302825821
Central African Republic,CAF,"Mortality rate, under-5 (per 1,000 live births)",SH.DYN.MORT,105.9
Central African Republic,CAF,"Population, total",SP.POP.TOTL,5209324
Central African Republic,CAF,"Life expectancy at birth, total (years)",SP.DYN.LE00.IN,55.025
Chad,TCD,"GDP per capita, PPP (current international $)",NY.GDP.PCAP.PP.CD,1627.92010185217
Chad,TCD,"Mortality rate, under-5 (per 1,000 live births)",SH.DYN.MORT,114.3
Chad,TCD,"Population, total",SP.POP.TOTL,16126866
Chad,TCD,"Life expectancy at birth, total (years)",SP.DYN.LE00.IN,53.259
Channel Islands,CHI,"GDP per capita, PPP (current international $)",NY.GDP.PCAP.PP.CD,..
Channel Islands,CHI,"Mortality rate, under-5 (per 1,000 live births)",SH.DYN.MORT,..
Channel Islands,CHI,"Population, total",SP.POP.TOTL,169410
Channel Islands,CHI,"Life expectancy at birth, total (years)",SP.DYN.LE00.IN,81.39
Chile,CHL,"GDP per capita, PPP (current international $)",NY.GDP.PCAP.PP.CD,25608.571536298
Chile,CHL,"Mortality rate, under-5 (per 1,000 live births)",SH.DYN.MORT,7.1
Chile,CHL,"Population, total",SP.POP.TOTL,19039485
Chile,CHL,"Life expectancy at birth, total (years)",SP.DYN.LE00.IN,80.326
China,CHN,"GDP per capita, PPP (current international $)",NY.GDP.PCAP.PP.CD,16652.0988008463
China,CHN,"Mortality rate, under-5 (per 1,000 live births)",SH.DYN.MORT,8
China,CHN,"Population, total",SP.POP.TOTL,1407745000
China,CHN,"Life expectancy at birth, total (years)",SP.DYN.LE00.IN,77.968
Colombia,COL,"GDP per capita, PPP (current international $)",NY.GDP.PCAP.PP.CD,15872.3081601826
Colombia,COL,"Mortality rate, under-5 (per 1,000 live births)",SH.DYN.MORT,13.7
Colombia,COL,"Population, total",SP.POP.TOTL,50187406
Colombia,COL,"Life expectancy at birth, total (years)",SP.DYN.LE00.IN,76.752
Comoros,COM,"GDP per capita, PPP (current international $)",NY.GDP.PCAP.PP.CD,3429.53108336726
Comoros,COM,"Mortality rate, under-5 (per 1,000 live births)",SH.DYN.MORT,53.1
Comoros,COM,"Population, total",SP.POP.TOTL,790986
Comoros,COM,"Life expectancy at birth, total (years)",SP.DYN.LE00.IN,64.068
"Congo, Dem. Rep.",COD,"GDP per capita, PPP (current international $)",NY.GDP.PCAP.PP.CD,1104.62442346377
"Congo, Dem. Rep.",COD,"Mortality rate, under-5 (per 1,000 live births)",SH.DYN.MORT,84.4
"Congo, Dem. Rep.",COD,"Population, total",SP.POP.TOTL,89906890
"Congo, Dem. Rep.",COD,"Life expectancy at birth, total (years)",SP.DYN.LE00.IN,60.276
"Congo, Rep.",COG,"GDP per capita, PPP (current international $)",NY.GDP.PCAP.PP.CD,3851.01025769294
"Congo, Rep.",COG,"Mortality rate, under-5 (per 1,000 live births)",SH.DYN.MORT,52.4
"Congo, Rep.",COG,"Population, total",SP.POP.TOTL,5570733
"Congo, Rep.",COG,"Life expectancy at birth, total (years)",SP.DYN.LE00.IN,62.747
Costa Rica,CRI,"GDP per capita, PPP (current international $)",NY.GDP.PCAP.PP.CD,22607.4083301518
Costa Rica,CRI,"Mortality rate, under-5 (per 1,000 live births)",SH.DYN.MORT,8.2
Costa Rica,CRI,"Population, total",SP.POP.TOTL,5084532
Costa Rica,CRI,"Life expectancy at birth, total (years)",SP.DYN.LE00.IN,79.427
Cote d'Ivoire,CIV,"GDP per capita, PPP (current international $)",NY.GDP.PCAP.PP.CD,5343.00160596865
Cote d'Ivoire,CIV,"Mortality rate, under-5 (per 1,000 live births)",SH.DYN.MORT,79.7
Cote d'Ivoire,CIV,"Population, total",SP.POP.TOTL,26147551
Cote d'Ivoire,CIV,"Life expectancy at birth, total (years)",SP.DYN.LE00.IN,59.319
Croatia,HRV,"GDP per capita, PPP (current international $)",NY.GDP.PCAP.PP.CD,31587.9028867336
Croatia,HRV,"Mortality rate, under-5 (per 1,000 live births)",SH.DYN.MORT,4.7
Croatia,HRV,"Population, total",SP.POP.TOTL,4065253
Croatia,HRV,"Life expectancy at birth, total (years)",SP.DYN.LE00.IN,78.4243902439025
Cuba,CUB,"GDP per capita, PPP (current international $)",NY.GDP.PCAP.PP.CD,..
Cuba,CUB,"Mortality rate, under-5 (per 1,000 live births)",SH.DYN.MORT,5.2
Cuba,CUB,"Population, total",SP.POP.TOTL,11316697
Cuba,CUB,"Life expectancy at birth, total (years)",SP.DYN.LE00.IN,77.611
Curacao,CUW,"GDP per capita, PPP (current international $)",NY.GDP.PCAP.PP.CD,24657.7630368865
Curacao,CUW,"Mortality rate, under-5 (per 1,000 live births)",SH.DYN.MORT,..
Curacao,CUW,"Population, total",SP.POP.TOTL,157441
Curacao,CUW,"Life expectancy at birth, total (years)",SP.DYN.LE00.IN,..
Cyprus,CYP,"GDP per capita, PPP (current international $)",NY.GDP.PCAP.PP.CD,44038.8671875
Cyprus,CYP,"Mortality rate, under-5 (per 1,000 live births)",SH.DYN.MORT,2.8
Cyprus,CYP,"Population, total",SP.POP.TOTL,1228836
Cyprus,CYP,"Life expectancy at birth, total (years)",SP.DYN.LE00.IN,81.397
Czechia,CZE,"GDP per capita, PPP (current international $)",NY.GDP.PCAP.PP.CD,44203.758438649
Czechia,CZE,"Mortality rate, under-5 (per 1,000 live births)",SH.DYN.MORT,3
Czechia,CZE,"Population, total",SP.POP.TOTL,10671870
Czechia,CZE,"Life expectancy at birth, total (years)",SP.DYN.LE00.IN,79.2292682926829
Denmark,DNK,"GDP per capita, PPP (current international $)",NY.GDP.PCAP.PP.CD,60094.112685792
Denmark,DNK,"Mortality rate, under-5 (per 1,000 live births)",SH.DYN.MORT,3.8
Denmark,DNK,"Population, total",SP.POP.TOTL,5814422
Denmark,DNK,"Life expectancy at birth, total (years)",SP.DYN.LE00.IN,81.4512195121951
Djibouti,DJI,"GDP per capita, PPP (current international $)",NY.GDP.PCAP.PP.CD,4969.34925955894
Djibouti,DJI,"Mortality rate, under-5 (per 1,000 live births)",SH.DYN.MORT,57.9
Djibouti,DJI,"Population, total",SP.POP.TOTL,1073994
Djibouti,DJI,"Life expectancy at birth, total (years)",SP.DYN.LE00.IN,63.085
Dominica,DMA,"GDP per capita, PPP (current international $)",NY.GDP.PCAP.PP.CD,12918.5641101076
Dominica,DMA,"Mortality rate, under-5 (per 1,000 live births)",SH.DYN.MORT,35.2
Dominica,DMA,"Population, total",SP.POP.TOTL,71428
Dominica,DMA,"Life expectancy at birth, total (years)",SP.DYN.LE00.IN,..
Dominican Republic,DOM,"GDP per capita, PPP (current international $)",NY.GDP.PCAP.PP.CD,18937.9631421431
Dominican Republic,DOM,"Mortality rate, under-5 (per 1,000 live births)",SH.DYN.MORT,34.3
Dominican Republic,DOM,"Population, total",SP.POP.TOTL,10881882
Dominican Republic,DOM,"Life expectancy at birth, total (years)",SP.DYN.LE00.IN,73.577
Ecuador,ECU,"GDP per capita, PPP (current international $)",NY.GDP.PCAP.PP.CD,11870.936404006
Ecuador,ECU,"Mortality rate, under-5 (per 1,000 live births)",SH.DYN.MORT,13.4
Ecuador,ECU,"Population, total",SP.POP.TOTL,17343740
Ecuador,ECU,"Life expectancy at birth, total (years)",SP.DYN.LE00.IN,77.297
"Egypt, Arab Rep.",EGY,"GDP per capita, PPP (current international $)",NY.GDP.PCAP.PP.CD,11652.5738007091
"Egypt, Arab Rep.",EGY,"Mortality rate, under-5 (per 1,000 live births)",SH.DYN.MORT,20.3
"Egypt, Arab Rep.",EGY,"Population, total",SP.POP.TOTL,105618671
"Egypt, Arab Rep.",EGY,"Life expectancy at birth, total (years)",SP.DYN.LE00.IN,71.358
El Salvador,SLV,"GDP per capita, PPP (current international $)",NY.GDP.PCAP.PP.CD,9402.17160956239
El Salvador,SLV,"Mortality rate, under-5 (per 1,000 live births)",SH.DYN.MORT,13.3
El Salvador,SLV,"Population, total",SP.POP.TOTL,6280217
El Salvador,SLV,"Life expectancy at birth, total (years)",SP.DYN.LE00.IN,72.559
Equatorial Guinea,GNQ,"GDP per capita, PPP (current international $)",NY.GDP.PCAP.PP.CD,16925.7879608535
Equatorial Guinea,GNQ,"Mortality rate, under-5 (per 1,000 live births)",SH.DYN.MORT,81.9
Equatorial Guinea,GNQ,"Population, total",SP.POP.TOTL,1553031
Equatorial Guinea,GNQ,"Life expectancy at birth, total (years)",SP.DYN.LE00.IN,61.644
Eritrea,ERI,"GDP per capita, PPP (current international $)",NY.GDP.PCAP.PP.CD,..
Eritrea,ERI,"Mortality rate, under-5 (per 1,000 live births)",SH.DYN.MORT,40.6
Eritrea,ERI,"Population, total",SP.POP.TOTL,3498818
Eritrea,ERI,"Life expectancy at birth, total (years)",SP.DYN.LE00.IN,67.3
Estonia,EST,"GDP per capita, PPP (current international $)",NY.GDP.PCAP.PP.CD,38961.4521802267
Estonia,EST,"Mortality rate, under-5 (per 1,000 live births)",SH.DYN.MORT,2.3
Estonia,EST,"Population, total",SP.POP.TOTL,1326898
Estonia,EST,"Life expectancy at birth, total (years)",SP.DYN.LE00.IN,78.6463414634147
Eswatini,SWZ,"GDP per capita, PPP (current international $)",NY.GDP.PCAP.PP.CD,8860.05879633449
Eswatini,SWZ,"Mortality rate, under-5 (per 1,000 live births)",SH.DYN.MORT,56.9
Eswatini,SWZ,"Population, total",SP.POP.TOTL,1169613
Eswatini,SWZ,"Life expectancy at birth, total (years)",SP.DYN.LE00.IN,60.549
Ethiopia,ETH,"GDP per capita, PPP (current international $)",NY.GDP.PCAP.PP.CD,2273.73489564724
Ethiopia,ETH,"Mortality rate, under-5 (per 1,000 live births)",SH.DYN.MORT,50.9
Ethiopia,ETH,"Population, total",SP.POP.TOTL,114120594
Ethiopia,ETH,"Life expectancy at birth, total (years)",SP.DYN.LE00.IN,65.838
Faroe Islands,FRO,"GDP per capita, PPP (current international $)",NY.GDP.PCAP.PP.CD,..
Faroe Islands,FRO,"Mortality rate, under-5 (per 1,000 live births)",SH.DYN.MORT,..
Faroe Islands,FRO,"Population, total",SP.POP.TOTL,51681
Faroe Islands,FRO,"Life expectancy at birth, total (years)",SP.DYN.LE00.IN,82.7926829268293
Fiji,FJI,"GDP per capita, PPP (current international $)",NY.GDP.PCAP.PP.CD,13800.1998708296
Fiji,FJI,"Mortality rate, under-5 (per 1,000 live births)",SH.DYN.MORT,26.9
Fiji,FJI,"Population, total",SP.POP.TOTL,918465
Fiji,FJI,"Life expectancy at birth, total (years)",SP.DYN.LE00.IN,67.893
Finland,FIN,"GDP per capita, PPP (current international $)",NY.GDP.PCAP.PP.CD,51810.0141330761
Finland,FIN,"Mortality rate, under-5 (per 1,000 live births)",SH.DYN.MORT,2.3
Finland,FIN,"Population, total",SP.POP.TOTL,5521606
Finland,FIN,"Life expectancy at birth, total (years)",SP.DYN.LE00.IN,81.9829268292683
France,FRA,"GDP per capita, PPP (current international $)",NY.GDP.PCAP.PP.CD,50500.7492479381
France,FRA,"Mortality rate, under-5 (per 1,000 live births)",SH.DYN.MORT,4.3
France,FRA,"Population, total",SP.POP.TOTL,67388001
France,FRA,"Life expectancy at birth, total (years)",SP.DYN.LE00.IN,82.8268292682927
French Polynesia,PYF,"GDP per capita, PPP (current international $)",NY.GDP.PCAP.PP.CD,..
French Polynesia,PYF,"Mortality rate, under-5 (per 1,000 live births)",SH.DYN.MORT,..
French Polynesia,PYF,"Population, total",SP.POP.TOTL,299717
French Polynesia,PYF,"Life expectancy at birth, total (years)",SP.DYN.LE00.IN,82.996
Gabon,GAB,"GDP per capita, PPP (current international $)",NY.GDP.PCAP.PP.CD,15089.0398500515
Gabon,GAB,"Mortality rate, under-5 (per 1,000 live births)",SH.DYN.MORT,43.2
Gabon,GAB,"Population, total",SP.POP.TOTL,2242785
Gabon,GAB,"Life expectancy at birth, total (years)",SP.DYN.LE00.IN,66.603
"Gambia, The",GMB,"GDP per capita, PPP (current international $)",NY.GDP.PCAP.PP.CD,2171.23426317803
"Gambia, The",GMB,"Mortality rate, under-5 (per 1,000 live births)",SH.DYN.MORT,51.5
"Gambia, The",GMB,"Population, total",SP.POP.TOTL,2508883
"Gambia, The",GMB,"Life expectancy at birth, total (years)",SP.DYN.LE00.IN,63.755
Georgia,GEO,"GDP per capita, PPP (current international $)",NY.GDP.PCAP.PP.CD,15621.8736565619
Georgia,GEO,"Mortality rate, under-5 (per 1,000 live births)",SH.DYN.MORT,9.7
Georgia,GEO,"Population, total",SP.POP.TOTL,3720161
Georgia,GEO,"Life expectancy at birth, total (years)",SP.DYN.LE00.IN,73.47
Germany,DEU,"GDP per capita, PPP (current international $)",NY.GDP.PCAP.PP.CD,57398.6959051462
Germany,DEU,"Mortality rate, under-5 (per 1,000 live births)",SH.DYN.MORT,3.7
Germany,DEU,"Population, total",SP.POP.TOTL,83092962
Germany,DEU,"Life expectancy at birth, total (years)",SP.DYN.LE00.IN,81.2926829268293
Ghana,GHA,"GDP per capita, PPP (current international $)",NY.GDP.PCAP.PP.CD,5571.56486581219
Ghana,GHA,"Mortality rate, under-5 (per 1,000 live births)",SH.DYN.MORT,47.2
Ghana,GHA,"Population, total",SP.POP.TOTL,31522290
Ghana,GHA,"Life expectancy at birth, total (years)",SP.DYN.LE00.IN,64.74
Gibraltar,GIB,"GDP per capita, PPP (current international $)",NY.GDP.PCAP.PP.CD,..
Gibraltar,GIB,"Mortality rate, under-5 (per 1,000 live births)",SH.DYN.MORT,..
Gibraltar,GIB,"Population, total",SP.POP.TOTL,32685
Gibraltar,GIB,"Life expectancy at birth, total (years)",SP.DYN.LE00.IN,82.363
Greece,GRC,"GDP per capita, PPP (current international $)",NY.GDP.PCAP.PP.CD,31138.6056250146
Greece,GRC,"Mortality rate, under-5 (per 1,000 live births)",SH.DYN.MORT,4
Greece,GRC,"Population, total",SP.POP.TOTL,10721582
Greece,GRC,"Life expectancy at birth, total (years)",SP.DYN.LE00.IN,81.6390243902439
Greenland,GRL,"GDP per capita, PPP (current international $)",NY.GDP.PCAP.PP.CD,..
Greenland,GRL,"Mortality rate, under-5 (per 1,000 live births)",SH.DYN.MORT,..
Greenland,GRL,"Population, total",SP.POP.TOTL,56225
Greenland,GRL,"Life expectancy at birth, total (years)",SP.DYN.LE00.IN,72.0475609756098
Grenada,GRD,"GDP per capita, PPP (current international $)",NY.GDP.PCAP.PP.CD,16043.4797999894
Grenada,GRD,"Mortality rate, under-5 (per 1,000 live births)",SH.DYN.MORT,16.5
Grenada,GRD,"Population, total",SP.POP.TOTL,122724
Grenada,GRD,"Life expectancy at birth, total (years)",SP.DYN.LE00.IN,74.863
Guam,GUM,"GDP per capita, PPP (current international $)",NY.GDP.PCAP.PP.CD,..
Guam,GUM,"Mortality rate, under-5 (per 1,000 live births)",SH.DYN.MORT,..
Guam,GUM,"Population, total",SP.POP.TOTL,168624
Guam,GUM,"Life expectancy at birth, total (years)",SP.DYN.LE00.IN,77.717
Guatemala,GTM,"GDP per capita, PPP (current international $)",NY.GDP.PCAP.PP.CD,9037.68837623543
Guatemala,GTM,"Mortality rate, under-5 (per 1,000 live births)",SH.DYN.MORT,24.6
Guatemala,GTM,"Population, total",SP.POP.TOTL,16604026
Guatemala,GTM,"Life expectancy at birth, total (years)",SP.DYN.LE00.IN,73.129
Guinea,GIN,"GDP per capita, PPP (current international $)",NY.GDP.PCAP.PP.CD,2652.55680042788
Guinea,GIN,"Mortality rate, under-5 (per 1,000 live births)",SH.DYN.MORT,104
Guinea,GIN,"Population, total",SP.POP.TOTL,12877539
Guinea,GIN,"Life expectancy at birth, total (years)",SP.DYN.LE00.IN,59.72
Guinea-Bissau,GNB,"GDP per capita, PPP (current international $)",NY.GDP.PCAP.PP.CD,1970.32227789113
Guinea-Bissau,GNB,"Mortality rate, under-5 (per 1,000 live births)",SH.DYN.MORT,79.5
Guinea-Bissau,GNB,"Population, total",SP.POP.TOTL,1970457
Guinea-Bissau,GNB,"Life expectancy at birth, total (years)",SP.DYN.LE00.IN,60.882
Guyana,GUY,"GDP per capita, PPP (current international $)",NY.GDP.PCAP.PP.CD,13361.5732145529
Guyana,GUY,"Mortality rate, under-5 (per 1,000 live births)",SH.DYN.MORT,29.4
Guyana,GUY,"Population, total",SP.POP.TOTL,798753
Guyana,GUY,"Life expectancy at birth, total (years)",SP.DYN.LE00.IN,69.124
Haiti,HTI,"GDP per capita, PPP (current international $)",NY.GDP.PCAP.PP.CD,3232.49563033632
Haiti,HTI,"Mortality rate, under-5 (per 1,000 live births)",SH.DYN.MORT,62.5
Haiti,HTI,"Population, total",SP.POP.TOTL,11160438
Haiti,HTI,"Life expectancy at birth, total (years)",SP.DYN.LE00.IN,64.255
Honduras,HND,"GDP per capita, PPP (current international $)",NY.GDP.PCAP.PP.CD,5850.5828319154
Honduras,HND,"Mortality rate, under-5 (per 1,000 live births)",SH.DYN.MORT,17.8
Honduras,HND,"Population, total",SP.POP.TOTL,9958829
Honduras,HND,"Life expectancy at birth, total (years)",SP.DYN.LE00.IN,72.881
"Hong Kong SAR, China",HKG,"GDP per capita, PPP (current international $)",NY.GDP.PCAP.PP.CD,62103.4276134175
"Hong Kong SAR, China",HKG,"Mortality rate, under-5 (per 1,000 live births)",SH.DYN.MORT,..
"Hong Kong SAR, China",HKG,"Population, total",SP.POP.TOTL,7507900
"Hong Kong SAR, China",HKG,"Life expectancy at birth, total (years)",SP.DYN.LE00.IN,85.0780487804878
Hungary,HUN,"GDP per capita, PPP (current international $)",NY.GDP.PCAP.PP.CD,34541.063644116
Hungary,HUN,"Mortality rate, under-5 (per 1,000 live births)",SH.DYN.MORT,4.1
Hungary,HUN,"Population, total",SP.POP.TOTL,9771141
Hungary,HUN,"Life expectancy at birth, total (years)",SP.DYN.LE00.IN,76.3195121951219
Iceland,ISL,"GDP per capita, PPP (current international $)",NY.GDP.PCAP.PP.CD,60076.8675980171
Iceland,ISL,"Mortality rate, under-5 (per 1,000 live births)",SH.DYN.MORT,2.7
Iceland,ISL,"Population, total",SP.POP.TOTL,360563
Iceland,ISL,"Life expectancy at birth, total (years)",SP.DYN.LE00.IN,83.1634146341463
India,IND,"GDP per capita, PPP (current international $)",NY.GDP.PCAP.PP.CD,6887.53834793046
India,IND,"Mortality rate, under-5 (per 1,000 live births)",SH.DYN.MORT,34.3
India,IND,"Population, total",SP.POP.TOTL,1383112050
India,IND,"Life expectancy at birth, total (years)",SP.DYN.LE00.IN,70.91
Indonesia,IDN,"GDP per capita, PPP (current international $)",NY.GDP.PCAP.PP.CD,12358.2422460634
Indonesia,IDN,"Mortality rate, under-5 (per 1,000 live births)",SH.DYN.MORT,23.8
Indonesia,IDN,"Population, total",SP.POP.TOTL,269582878
Indonesia,IDN,"Life expectancy at birth, total (years)",SP.DYN.LE00.IN,70.518
"Iran, Islamic Rep.",IRN,"GDP per capita, PPP (current international $)",NY.GDP.PCAP.PP.CD,14678.7778788108
"Iran, Islamic Rep.",IRN,"Mortality rate, under-5 (per 1,000 live births)",SH.DYN.MORT,13.5
"Iran, Islamic Rep.",IRN,"Population, total",SP.POP.TOTL,86564202
"Iran, Islamic Rep.",IRN,"Life expectancy at birth, total (years)",SP.DYN.LE00.IN,76.103
Iraq,IRQ,"GDP per capita, PPP (current international $)",NY.GDP.PCAP.PP.CD,10733.9947111727
Iraq,IRQ,"Mortality rate, under-5 (per 1,000 live births)",SH.DYN.MORT,26.2
Iraq,IRQ,"Population, total",SP.POP.TOTL,41563520
Iraq,IRQ,"Life expectancy at birth, total (years)",SP.DYN.LE00.IN,71.576
Ireland,IRL,"GDP per capita, PPP (current international $)",NY.GDP.PCAP.PP.CD,89670.8655744492
Ireland,IRL,"Mortality rate, under-5 (per 1,000 live births)",SH.DYN.MORT,3.3
Ireland,IRL,"Population, total",SP.POP.TOTL,4934340
Ireland,IRL,"Life expectancy at birth, total (years)",SP.DYN.LE00.IN,82.7024390243903
Isle of Man,IMN,"GDP per capita, PPP (current international $)",NY.GDP.PCAP.PP.CD,..
Isle of Man,IMN,"Mortality rate, under-5 (per 1,000 live births)",SH.DYN.MORT,..
Isle of Man,IMN,"Population, total",SP.POP.TOTL,83933
Isle of Man,IMN,"Life expectancy at birth, total (years)",SP.DYN.LE00.IN,80.737
Israel,ISR,"GDP per capita, PPP (current international $)",NY.GDP.PCAP.PP.CD,40475.6733125529
Israel,ISR,"Mortality rate, under-5 (per 1,000 live births)",SH.DYN.MORT,3.5
Israel,ISR,"Population, total",SP.POP.TOTL,9054000
Israel,ISR,"Life expectancy at birth, total (years)",SP.DYN.LE00.IN,82.8048780487805
Italy,ITA,"GDP per capita, PPP (current international $)",NY.GDP.PCAP.PP.CD,45799.1883207119
Italy,ITA,"Mortality rate, under-5 (per 1,000 live births)",SH.DYN.MORT,3
Italy,ITA,"Population, total",SP.POP.TOTL,59729081
Italy,ITA,"Life expectancy at birth, total (years)",SP.DYN.LE00.IN,83.4975609756098
Jamaica,JAM,"GDP per capita, PPP (current international $)",NY.GDP.PCAP.PP.CD,10676.7254679633
Jamaica,JAM,"Mortality rate, under-5 (per 1,000 live births)",SH.DYN.MORT,13.2
Jamaica,JAM,"Population, total",SP.POP.TOTL,2813773
Jamaica,JAM,"Life expectancy at birth, total (years)",SP.DYN.LE00.IN,71.767
Japan,JPN,"GDP per capita, PPP (current international $)",NY.GDP.PCAP.PP.CD,42309.1766227467
Japan,JPN,"Mortality rate, under-5 (per 1,000 live births)",SH.DYN.MORT,2.5
Japan,JPN,"Population, total",SP.POP.TOTL,126633000
Japan,JPN,"Life expectancy at birth, total (years)",SP.DYN.LE00.IN,84.3563414634146
Jordan,JOR,"GDP per capita, PPP (current international $)",NY.GDP.PCAP.PP.CD,9954.26840387235
Jordan,JOR,"Mortality rate, under-5 (per 1,000 live births)",SH.DYN.MORT,15.5
Jordan,JOR,"Population, total",SP.POP.TOTL,10698683
Jordan,JOR,"Life expectancy at birth, total (years)",SP.DYN.LE00.IN,76.044
Kazakhstan,KAZ,"GDP per capita, PPP (current international $)",NY.GDP.PCAP.PP.CD,27463.9715463979
Kazakhstan,KAZ,"Mortality rate, under-5 (per 1,000 live births)",SH.DYN.MORT,10.2
Kazakhstan,KAZ,"Population, total",SP.POP.TOTL,18513673
Kazakhstan,KAZ,"Life expectancy at birth, total (years)",SP.DYN.LE00.IN,73.18
Kenya,KEN,"GDP per capita, PPP (current international $)",NY.GDP.PCAP.PP.CD,4795.40361246334
Kenya,KEN,"Mortality rate, under-5 (per 1,000 live births)",SH.DYN.MORT,39.4
Kenya,KEN,"Population, total",SP.POP.TOTL,50951450
Kenya,KEN,"Life expectancy at birth, total (years)",SP.DYN.LE00.IN,62.943
Kiribati,KIR,"GDP per capita, PPP (current international $)",NY.GDP.PCAP.PP.CD,2074.52696319364
Kiribati,KIR,"Mortality rate, under-5 (per 1,000 live births)",SH.DYN.MORT,51.4
Kiribati,KIR,"Population, total",SP.POP.TOTL,124241
Kiribati,KIR,"Life expectancy at birth, total (years)",SP.DYN.LE00.IN,67.15
"Korea, Dem. People's Rep.",PRK,"GDP per capita, PPP (current international $)",NY.GDP.PCAP.PP.CD,..
"Korea, Dem. People's Rep.",PRK,"Mortality rate, under-5 (per 1,000 live births)",SH.DYN.MORT,17.3
"Korea, Dem. People's Rep.",PRK,"Population, total",SP.POP.TOTL,25755441
"Korea, Dem. People's Rep.",PRK,"Life expectancy at birth, total (years)",SP.DYN.LE00.IN,73.198
"Korea, Rep.",KOR,"GDP per capita, PPP (current international $)",NY.GDP.PCAP.PP.CD,43410.2988074321
"Korea, Rep.",KOR,"Mortality rate, under-5 (per 1,000 live births)",SH.DYN.MORT,3.1
"Korea, Rep.",KOR,"Population, total",SP.POP.TOTL,51764822
"Korea, Rep.",KOR,"Life expectancy at birth, total (years)",SP.DYN.LE00.IN,83.2268292682927
Kosovo,XKX,"GDP per capita, PPP (current international $)",NY.GDP.PCAP.PP.CD,11796.1533099963
Kosovo,XKX,"Mortality rate, under-5 (per 1,000 live births)",SH.DYN.MORT,11.2
Kosovo,XKX,"Population, total",SP.POP.TOTL,1788878
Kosovo,XKX,"Life expectancy at birth, total (years)",SP.DYN.LE00.IN,79.022
Kuwait,KWT,"GDP per capita, PPP (current international $)",NY.GDP.PCAP.PP.CD,49311.6984646194
Kuwait,KWT,"Mortality rate, under-5 (per 1,000 live births)",SH.DYN.MORT,8.8
Kuwait,KWT,"Population, total",SP.POP.TOTL,4441100
Kuwait,KWT,"Life expectancy at birth, total (years)",SP.DYN.LE00.IN,79.685
Kyrgyz Republic,KGZ,"GDP per capita, PPP (current international $)",NY.GDP.PCAP.PP.CD,5480.29390725587
Kyrgyz Republic,KGZ,"Mortality rate, under-5 (per 1,000 live births)",SH.DYN.MORT,18.3
Kyrgyz Republic,KGZ,"Population, total",SP.POP.TOTL,6456200
Kyrgyz Republic,KGZ,"Life expectancy at birth, total (years)",SP.DYN.LE00.IN,71.6
Lao PDR,LAO,"GDP per capita, PPP (current international $)",NY.GDP.PCAP.PP.CD,8170.95838206982
Lao PDR,LAO,"Mortality rate, under-5 (per 1,000 live births)",SH.DYN.MORT,45.8
Lao PDR,LAO,"Population, total",SP.POP.TOTL,7212053
Lao PDR,LAO,"Life expectancy at birth, total (years)",SP.DYN.LE00.IN,68.138
Latvia,LVA,"GDP per capita, PPP (current international $)",NY.GDP.PCAP.PP.CD,32893.9332666761
Latvia,LVA,"Mortality rate, under-5 (per 1,000 live births)",SH.DYN.MORT,4
Latvia,LVA,"Population, total",SP.POP.TOTL,1913822
Latvia,LVA,"Life expectancy at birth, total (years)",SP.DYN.LE00.IN,75.3878048780488
Lebanon,LBN,"GDP per capita, PPP (current international $)",NY.GDP.PCAP.PP.CD,17896.9432162934
Lebanon,LBN,"Mortality rate, under-5 (per 1,000 live births)",SH.DYN.MORT,8.7
Lebanon,LBN,"Population, total",SP.POP.TOTL,5781907
Lebanon,LBN,"Life expectancy at birth, total (years)",SP.DYN.LE00.IN,79.236
Lesotho,LSO,"GDP per capita, PPP (current international $)",NY.GDP.PCAP.PP.CD,2640.02830951902
Lesotho,LSO,"Mortality rate, under-5 (per 1,000 live births)",SH.DYN.MORT,77.2
Lesotho,LSO,"Population, total",SP.POP.TOTL,2225702
Lesotho,LSO,"Life expectancy at birth, total (years)",SP.DYN.LE00.IN,54.173
Liberia,LBR,"GDP per capita, PPP (current international $)",NY.GDP.PCAP.PP.CD,1517.07223894945
Liberia,LBR,"Mortality rate, under-5 (per 1,000 live births)",SH.DYN.MORT,80.6
Liberia,LBR,"Population, total",SP.POP.TOTL,4985289
Liberia,LBR,"Life expectancy at birth, total (years)",SP.DYN.LE00.IN,61.104
Libya,LBY,"GDP per capita, PPP (current international $)",NY.GDP.PCAP.PP.CD,23486.5448646736
Libya,LBY,"Mortality rate, under-5 (per 1,000 live births)",SH.DYN.MORT,11.5
Libya,LBY,"Population, total",SP.POP.TOTL,6569088
Libya,LBY,"Life expectancy at birth, total (years)",SP.DYN.LE00.IN,72.463
Liechtenstein,LIE,"GDP per capita, PPP (current international $)",NY.GDP.PCAP.PP.CD,..
Liechtenstein,LIE,"Mortality rate, under-5 (per 1,000 live births)",SH.DYN.MORT,..
Liechtenstein,LIE,"Population, total",SP.POP.TOTL,38482
Liechtenstein,LIE,"Life expectancy at birth, total (years)",SP.DYN.LE00.IN,84.1609756097561
Lithuania,LTU,"GDP per capita, PPP (current international $)",NY.GDP.PCAP.PP.CD,39911.2814246927
Lithuania,LTU,"Mortality rate, under-5 (per 1,000 live births)",SH.DYN.MORT,3.8
Lithuania,LTU,"Population, total",SP.POP.TOTL,2794137
Lithuania,LTU,"Life expectancy at birth, total (years)",SP.DYN.LE00.IN,76.2829268292683
Luxembourg,LUX,"GDP per capita, PPP (current international $)",NY.GDP.PCAP.PP.CD,120174.754703983
Luxembourg,LUX,"Mortality rate, under-5 (per 1,000 live births)",SH.DYN.MORT,2.8
Luxembourg,LUX,"Population, total",SP.POP.TOTL,620001
Luxembourg,LUX,"Life expectancy at birth, total (years)",SP.DYN.LE00.IN,82.6390243902439
"Macao SAR, China",MAC,"GDP per capita, PPP (current international $)",NY.GDP.PCAP.PP.CD,128005.781872725
"Macao SAR, China",MAC,"Mortality rate, under-5 (per 1,000 live births)",SH.DYN.MORT,..
"Macao SAR, China",MAC,"Population, total",SP.POP.TOTL,663653
"Macao SAR, China",MAC,"Life expectancy at birth, total (years)",SP.DYN.LE00.IN,84.978
Madagascar,MDG,"GDP per capita, PPP (current international $)",NY.GDP.PCAP.PP.CD,1652.38583223889
Madagascar,MDG,"Mortality rate, under-5 (per 1,000 live births)",SH.DYN.MORT,66.1
Madagascar,MDG,"Population, total",SP.POP.TOTL,27533134
Madagascar,MDG,"Life expectancy at birth, total (years)",SP.DYN.LE00.IN,65.882
Malawi,MWI,"GDP per capita, PPP (current international $)",NY.GDP.PCAP.PP.CD,1581.7572095297
Malawi,MWI,"Mortality rate, under-5 (per 1,000 live births)",SH.DYN.MORT,45.6
Malawi,MWI,"Population, total",SP.POP.TOTL,18867337
Malawi,MWI,"Life expectancy at birth, total (years)",SP.DYN.LE00.IN,64.119
Malaysia,MYS,"GDP per capita, PPP (current international $)",NY.GDP.PCAP.PP.CD,28842.3883921398
Malaysia,MYS,"Mortality rate, under-5 (per 1,000 live births)",SH.DYN.MORT,7.9
Malaysia,MYS,"Population, total",SP.POP.TOTL,32804020
Malaysia,MYS,"Life expectancy at birth, total (years)",SP.DYN.LE00.IN,75.76
Maldives,MDV,"GDP per capita, PPP (current international $)",NY.GDP.PCAP.PP.CD,21442.7387349108
Maldives,MDV,"Mortality rate, under-5 (per 1,000 live births)",SH.DYN.MORT,7
Maldives,MDV,"Population, total",SP.POP.TOTL,504508
Maldives,MDV,"Life expectancy at birth, total (years)",SP.DYN.LE00.IN,80.116
Mali,MLI,"GDP per capita, PPP (current international $)",NY.GDP.PCAP.PP.CD,2312.70070067634
Mali,MLI,"Mortality rate, under-5 (per 1,000 live births)",SH.DYN.MORT,103.1
Mali,MLI,"Population, total",SP.POP.TOTL,20567424
Mali,MLI,"Life expectancy at birth, total (years)",SP.DYN.LE00.IN,59.664
Malta,MLT,"GDP per capita, PPP (current international $)",NY.GDP.PCAP.PP.CD,48740.7596940926
Malta,MLT,"Mortality rate, under-5 (per 1,000 live births)",SH.DYN.MORT,6.1
Malta,MLT,"Population, total",SP.POP.TOTL,504062
Malta,MLT,"Life expectancy at birth, total (years)",SP.DYN.LE00.IN,82.8585365853659
Marshall Islands,MHL,"GDP per capita, PPP (current international $)",NY.GDP.PCAP.PP.CD,5885.39906161239
Marshall Islands,MHL,"Mortality rate, under-5 (per 1,000 live births)",SH.DYN.MORT,31.8
Marshall Islands,MHL,"Population, total",SP.POP.TOTL,44728
Marshall Islands,MHL,"Life expectancy at birth, total (years)",SP.DYN.LE00.IN,..
Mauritania,MRT,"GDP per capita, PPP (current international $)",NY.GDP.PCAP.PP.CD,5738.00987974985
Mauritania,MRT,"Mortality rate, under-5 (per 1,000 live births)",SH.DYN.MORT,43.2
Mauritania,MRT,"Population, total",SP.POP.TOTL,4383849
Mauritania,MRT,"Life expectancy at birth, total (years)",SP.DYN.LE00.IN,65.687
Mauritius,MUS,"GDP per capita, PPP (current international $)",NY.GDP.PCAP.PP.CD,24681.0518439104
Mauritius,MUS,"Mortality rate, under-5 (per 1,000 live births)",SH.DYN.MORT,15.9
Mauritius,MUS,"Population, total",SP.POP.TOTL,1265711
Mauritius,MUS,"Life expectancy at birth, total (years)",SP.DYN.LE00.IN,74.2358536585366
Mexico,MEX,"GDP per capita, PPP (current international $)",NY.GDP.PCAP.PP.CD,20224.3411247615
Mexico,MEX,"Mortality rate, under-5 (per 1,000 live births)",SH.DYN.MORT,14.2
Mexico,MEX,"Population, total",SP.POP.TOTL,125085311
Mexico,MEX,"Life expectancy at birth, total (years)",SP.DYN.LE00.IN,74.202
"Micronesia, Fed. Sts.",FSM,"GDP per capita, PPP (current international $)",NY.GDP.PCAP.PP.CD,3690.21968050411
"Micronesia, Fed. Sts.",FSM,"Mortality rate, under-5 (per 1,000 live births)",SH.DYN.MORT,26.4
"Micronesia, Fed. Sts.",FSM,"Population, total",SP.POP.TOTL,111379
"Micronesia, Fed. Sts.",FSM,"Life expectancy at birth, total (years)",SP.DYN.LE00.IN,71.077
Moldova,MDA,"GDP per capita, PPP (current international $)",NY.GDP.PCAP.PP.CD,13580.1165698658
Moldova,MDA,"Mortality rate, under-5 (per 1,000 live births)",SH.DYN.MORT,14.7
Moldova,MDA,"Population, total",SP.POP.TOTL,2664224
Moldova,MDA,"Life expectancy at birth, total (years)",SP.DYN.LE00.IN,70.935
Monaco,MCO,"GDP per capita, PPP (current international $)",NY.GDP.PCAP.PP.CD,..
Monaco,MCO,"Mortality rate, under-5 (per 1,000 live births)",SH.DYN.MORT,3.1
Monaco,MCO,"Population, total",SP.POP.TOTL,37034
Monaco,MCO,"Life expectancy at birth, total (years)",SP.DYN.LE00.IN,..
Mongolia,MNG,"GDP per capita, PPP (current international $)",NY.GDP.PCAP.PP.CD,12983.8039867177
Mongolia,MNG,"Mortality rate, under-5 (per 1,000 live births)",SH.DYN.MORT,16
Mongolia,MNG,"Population, total",SP.POP.TOTL,3232430
Mongolia,MNG,"Life expectancy at birth, total (years)",SP.DYN.LE00.IN,71.822
Montenegro,MNE,"GDP per capita, PPP (current international $)",NY.GDP.PCAP.PP.CD,23792.3213563274
Montenegro,MNE,"Mortality rate, under-5 (per 1,000 live births)",SH.DYN.MORT,2.7
Montenegro,MNE,"Population, total",SP.POP.TOTL,622028
Montenegro,MNE,"Life expectancy at birth, total (years)",SP.DYN.LE00.IN,76.6829268292683
Morocco,MAR,"GDP per capita, PPP (current international $)",NY.GDP.PCAP.PP.CD,8564.4189453125
Morocco,MAR,"Mortality rate, under-5 (per 1,000 live births)",SH.DYN.MORT,19.5
Morocco,MAR,"Population, total",SP.POP.TOTL,36304408
Morocco,MAR,"Life expectancy at birth, total (years)",SP.DYN.LE00.IN,74.27
Mozambique,MOZ,"GDP per capita, PPP (current international $)",NY.GDP.PCAP.PP.CD,1339.42552026694
Mozambique,MOZ,"Mortality rate, under-5 (per 1,000 live births)",SH.DYN.MORT,73.5
Mozambique,MOZ,"Population, total",SP.POP.TOTL,30285595
Mozambique,MOZ,"Life expectancy at birth, total (years)",SP.DYN.LE00.IN,61.166
Myanmar,MMR,"GDP per capita, PPP (current international $)",NY.GDP.PCAP.PP.CD,5033.36532406202
Myanmar,MMR,"Mortality rate, under-5 (per 1,000 live births)",SH.DYN.MORT,44.8
Myanmar,MMR,"Population, total",SP.POP.TOTL,53040212
Myanmar,MMR,"Life expectancy at birth, total (years)",SP.DYN.LE00.IN,66.61
Namibia,NAM,"GDP per capita, PPP (current international $)",NY.GDP.PCAP.PP.CD,10432.0282059129
Namibia,NAM,"Mortality rate, under-5 (per 1,000 live births)",SH.DYN.MORT,41.9
Namibia,NAM,"Population, total",SP.POP.TOTL,2446644
Namibia,NAM,"Life expectancy at birth, total (years)",SP.DYN.LE00.IN,63.075
Nauru,NRU,"GDP per capita, PPP (current international $)",NY.GDP.PCAP.PP.CD,12507.0924095494
Nauru,NRU,"Mortality rate, under-5 (per 1,000 live births)",SH.DYN.MORT,29.6
Nauru,NRU,"Population, total",SP.POP.TOTL,12132
Nauru,NRU,"Life expectancy at birth, total (years)",SP.DYN.LE00.IN,..
Nepal,NPL,"GDP per capita, PPP (current international $)",NY.GDP.PCAP.PP.CD,4087.61116611913
Nepal,NPL,"Mortality rate, under-5 (per 1,000 live births)",SH.DYN.MORT,29.3
Nepal,NPL,"Population, total",SP.POP.TOTL,28832496
Nepal,NPL,"Life expectancy at birth, total (years)",SP.DYN.LE00.IN,69.558
Netherlands,NLD,"GDP per capita, PPP (current international $)",NY.GDP.PCAP.PP.CD,60208.1128394014
Netherlands,NLD,"Mortality rate, under-5 (per 1,000 live births)",SH.DYN.MORT,4
Netherlands,NLD,"Population, total",SP.POP.TOTL,17344874
Netherlands,NLD,"Life expectancy at birth, total (years)",SP.DYN.LE00.IN,82.1121951219512
New Caledonia,NCL,"GDP per capita, PPP (current international $)",NY.GDP.PCAP.PP.CD,..
New Caledonia,NCL,"Mortality rate, under-5 (per 1,000 live births)",SH.DYN.MORT,..
New Caledonia,NCL,"Population, total",SP.POP.TOTL,271230
New Caledonia,NCL,"Life expectancy at birth, total (years)",SP.DYN.LE00.IN,80.4197073170732
New Zealand,NZL,"GDP per capita, PPP (current international $)",NY.GDP.PCAP.PP.CD,45926.0094773538
New Zealand,NZL,"Mortality rate, under-5 (per 1,000 live births)",SH.DYN.MORT,4.9
New Zealand,NZL,"Population, total",SP.POP.TOTL,4979200
New Zealand,NZL,"Life expectancy at birth, total (years)",SP.DYN.LE00.IN,81.7073170731707
Nicaragua,NIC,"GDP per capita, PPP (current international $)",NY.GDP.PCAP.PP.CD,5574.73913248981
Nicaragua,NIC,"Mortality rate, under-5 (per 1,000 live births)",SH.DYN.MORT,14.9
Nicaragua,NIC,"Population, total",SP.POP.TOTL,6663924
Nicaragua,NIC,"Life expectancy at birth, total (years)",SP.DYN.LE00.IN,74.054
Niger,NER,"GDP per capita, PPP (current international $)",NY.GDP.PCAP.PP.CD,1268.82779529477
Niger,NER,"Mortality rate, under-5 (per 1,000 live births)",SH.DYN.MORT,117
Niger,NER,"Population, total",SP.POP.TOTL,23443393
Niger,NER,"Life expectancy at birth, total (years)",SP.DYN.LE00.IN,62.897
Nigeria,NGA,"GDP per capita, PPP (current international $)",NY.GDP.PCAP.PP.CD,5290.61433302448
Nigeria,NGA,"Mortality rate, under-5 (per 1,000 live births)",SH.DYN.MORT,116.8
Nigeria,NGA,"Population, total",SP.POP.TOTL,203304492
Nigeria,NGA,"Life expectancy at birth, total (years)",SP.DYN.LE00.IN,52.91
North Macedonia,MKD,"GDP per capita, PPP (current international $)",NY.GDP.PCAP.PP.CD,18007.13009669
North Macedonia,MKD,"Mortality rate, under-5 (per 1,000 live births)",SH.DYN.MORT,6.8
North Macedonia,MKD,"Population, total",SP.POP.TOTL,2076694
North Macedonia,MKD,"Life expectancy at birth, total (years)",SP.DYN.LE00.IN,76.6024390243903
Northern Mariana Islands,MNP,"GDP per capita, PPP (current international $)",NY.GDP.PCAP.PP.CD,..
Northern Mariana Islands,MNP,"Mortality rate, under-5 (per 1,000 live births)",SH.DYN.MORT,..
Northern Mariana Islands,MNP,"Population, total",SP.POP.TOTL,49858
Northern Mariana Islands,MNP,"Life expectancy at birth, total (years)",SP.DYN.LE00.IN,..
Norway,NOR,"GDP per capita, PPP (current international $)",NY.GDP.PCAP.PP.CD,69265.8016337189
Norway,NOR,"Mortality rate, under-5 (per 1,000 live births)",SH.DYN.MORT,2.4
Norway,NOR,"Population, total",SP.POP.TOTL,5347896
Norway,NOR,"Life expectancy at birth, total (years)",SP.DYN.LE00.IN,82.9585365853659
Oman,OMN,"GDP per capita, PPP (current international $)",NY.GDP.PCAP.PP.CD,35241.222343068
Oman,OMN,"Mortality rate, under-5 (per 1,000 live births)",SH.DYN.MORT,10.6
Oman,OMN,"Population, total",SP.POP.TOTL,4602768
Oman,OMN,"Life expectancy at birth, total (years)",SP.DYN.LE00.IN,78.002
Pakistan,PAK,"GDP per capita, PPP (current international $)",NY.GDP.PCAP.PP.CD,5375.21871071797
Pakistan,PAK,"Mortality rate, under-5 (per 1,000 live births)",SH.DYN.MORT,67.5
Pakistan,PAK,"Population, total",SP.POP.TOTL,223293280
Pakistan,PAK,"Life expectancy at birth, total (years)",SP.DYN.LE00.IN,66.756
Palau,PLW,"GDP per capita, PPP (current international $)",NY.GDP.PCAP.PP.CD,18348.5123370672
Palau,PLW,"Mortality rate, under-5 (per 1,000 live births)",SH.DYN.MORT,17.4
Palau,PLW,"Population, total",SP.POP.TOTL,17916
Palau,PLW,"Life expectancy at birth, total (years)",SP.DYN.LE00.IN,..
Panama,PAN,"GDP per capita, PPP (current international $)",NY.GDP.PCAP.PP.CD,32874.8910250624
Panama,PAN,"Mortality rate, under-5 (per 1,000 live births)",SH.DYN.MORT,14.8
Panama,PAN,"Population, total",SP.POP.TOTL,4232532
Panama,PAN,"Life expectancy at birth, total (years)",SP.DYN.LE00.IN,77.81
Papua New Guinea,PNG,"GDP per capita, PPP (current international $)",NY.GDP.PCAP.PP.CD,4114.48353487691
Papua New Guinea,PNG,"Mortality rate, under-5 (per 1,000 live births)",SH.DYN.MORT,45.5
Papua New Guinea,PNG,"Population, total",SP.POP.TOTL,9542486
Papua New Guinea,PNG,"Life expectancy at birth, total (years)",SP.DYN.LE00.IN,65.474
Paraguay,PRY,"GDP per capita, PPP (current international $)",NY.GDP.PCAP.PP.CD,14184.1157899892
Paraguay,PRY,"Mortality rate, under-5 (per 1,000 live births)",SH.DYN.MORT,19.4
Paraguay,PRY,"Population, total",SP.POP.TOTL,6530026
Paraguay,PRY,"Life expectancy at birth, total (years)",SP.DYN.LE00.IN,73.621
Peru,PER,"GDP per capita, PPP (current international $)",NY.GDP.PCAP.PP.CD,13272.6508348294
Peru,PER,"Mortality rate, under-5 (per 1,000 live births)",SH.DYN.MORT,14.9
Peru,PER,"Population, total",SP.POP.TOTL,32824861
Peru,PER,"Life expectancy at birth, total (years)",SP.DYN.LE00.IN,76.156
Philippines,PHL,"GDP per capita, PPP (current international $)",NY.GDP.PCAP.PP.CD,9100.3854775636
Philippines,PHL,"Mortality rate, under-5 (per 1,000 live births)",SH.DYN.MORT,27.3
Philippines,PHL,"Population, total",SP.POP.TOTL,110380804
Philippines,PHL,"Life expectancy at birth, total (years)",SP.DYN.LE00.IN,71.865
Poland,POL,"GDP per capita, PPP (current international $)",NY.GDP.PCAP.PP.CD,34975.8820889939
Poland,POL,"Mortality rate, under-5 (per 1,000 live births)",SH.DYN.MORT,4.4
Poland,POL,"Population, total",SP.POP.TOTL,37965475
Poland,POL,"Life expectancy at birth, total (years)",SP.DYN.LE00.IN,77.9048780487805
Portugal,PRT,"GDP per capita, PPP (current international $)",NY.GDP.PCAP.PP.CD,37299.1542574222
Portugal,PRT,"Mortality rate, under-5 (per 1,000 live births)",SH.DYN.MORT,3.4
Portugal,PRT,"Population, total",SP.POP.TOTL,10286263
Portugal,PRT,"Life expectancy at birth, total (years)",SP.DYN.LE00.IN,81.6756097560976
Puerto Rico,PRI,"GDP per capita, PPP (current international $)",NY.GDP.PCAP.PP.CD,36261.0652552172
Puerto Rico,PRI,"Mortality rate, under-5 (per 1,000 live births)",SH.DYN.MORT,..
Puerto Rico,PRI,"Population, total",SP.POP.TOTL,3193694
Puerto Rico,PRI,"Life expectancy at birth, total (years)",SP.DYN.LE00.IN,79.063
Qatar,QAT,"GDP per capita, PPP (current international $)",NY.GDP.PCAP.PP.CD,94674.3121430095
Qatar,QAT,"Mortality rate, under-5 (per 1,000 live births)",SH.DYN.MORT,6.1
Qatar,QAT,"Population, total",SP.POP.TOTL,2807235
Qatar,QAT,"Life expectancy at birth, total (years)",SP.DYN.LE00.IN,80.99
Romania,ROU,"GDP per capita, PPP (current international $)",NY.GDP.PCAP.PP.CD,33066.5227061104
Romania,ROU,"Mortality rate, under-5 (per 1,000 live births)",SH.DYN.MORT,7
Romania,ROU,"Population, total",SP.POP.TOTL,19371648
Romania,ROU,"Life expectancy at birth, total (years)",SP.DYN.LE00.IN,75.6073170731707
Russian Federation,RUS,"GDP per capita, PPP (current international $)",NY.GDP.PCAP.PP.CD,30067.740234375
Russian Federation,RUS,"Mortality rate, under-5 (per 1,000 live births)",SH.DYN.MORT,5.8
Russian Federation,RUS,"Population, total",SP.POP.TOTL,144406261
Russian Federation,RUS,"Life expectancy at birth, total (years)",SP.DYN.LE00.IN,73.0839024390244
Rwanda,RWA,"GDP per capita, PPP (current international $)",NY.GDP.PCAP.PP.CD,2283.88881550495
Rwanda,RWA,"Mortality rate, under-5 (per 1,000 live births)",SH.DYN.MORT,42.1
Rwanda,RWA,"Population, total",SP.POP.TOTL,12835028
Rwanda,RWA,"Life expectancy at birth, total (years)",SP.DYN.LE00.IN,66.437
Samoa,WSM,"GDP per capita, PPP (current international $)",NY.GDP.PCAP.PP.CD,6613.98283924675
Samoa,WSM,"Mortality rate, under-5 (per 1,000 live births)",SH.DYN.MORT,17.5
Samoa,WSM,"Population, total",SP.POP.TOTL,211905
Samoa,WSM,"Life expectancy at birth, total (years)",SP.DYN.LE00.IN,72.157
San Marino,SMR,"GDP per capita, PPP (current international $)",NY.GDP.PCAP.PP.CD,62611.4947771842
San Marino,SMR,"Mortality rate, under-5 (per 1,000 live births)",SH.DYN.MORT,1.9
San Marino,SMR,"Population, total",SP.POP.TOTL,34178
San Marino,SMR,"Life expectancy at birth, total (years)",SP.DYN.LE00.IN,..
Sao Tome and Principe,STP,"GDP per capita, PPP (current international $)",NY.GDP.PCAP.PP.CD,4183.11938465099
Sao Tome and Principe,STP,"Mortality rate, under-5 (per 1,000 live births)",SH.DYN.MORT,17.1
Sao Tome and Principe,STP,"Population, total",SP.POP.TOTL,214599
Sao Tome and Principe,STP,"Life expectancy at birth, total (years)",SP.DYN.LE00.IN,68.523
Saudi Arabia,SAU,"GDP per capita, PPP (current international $)",NY.GDP.PCAP.PP.CD,46852.2981650391
Saudi Arabia,SAU,"Mortality rate, under-5 (per 1,000 live births)",SH.DYN.MORT,7.3
Saudi Arabia,SAU,"Population, total",SP.POP.TOTL,35827362
Saudi Arabia,SAU,"Life expectancy at birth, total (years)",SP.DYN.LE00.IN,77.304
Senegal,SEN,"GDP per capita, PPP (current international $)",NY.GDP.PCAP.PP.CD,3575.26604813441
Senegal,SEN,"Mortality rate, under-5 (per 1,000 live births)",SH.DYN.MORT,41.8
Senegal,SEN,"Population, total",SP.POP.TOTL,16000781
Senegal,SEN,"Life expectancy at birth, total (years)",SP.DYN.LE00.IN,68.526
Serbia,SRB,"GDP per capita, PPP (current international $)",NY.GDP.PCAP.PP.CD,19404.8640635559
Serbia,SRB,"Mortality rate, under-5 (per 1,000 live births)",SH.DYN.MORT,5.7
Serbia,SRB,"Population, total",SP.POP.TOTL,6945235
Serbia,SRB,"Life expectancy at birth, total (years)",SP.DYN.LE00.IN,75.9365853658537
Seychelles,SYC,"GDP per capita, PPP (current international $)",NY.GDP.PCAP.PP.CD,30609.0575900827
Seychelles,SYC,"Mortality rate, under-5 (per 1,000 live births)",SH.DYN.MORT,14.4
Seychelles,SYC,"Population, total",SP.POP.TOTL,97625
Seychelles,SYC,"Life expectancy at birth, total (years)",SP.DYN.LE00.IN,74.0463414634146
Sierra Leone,SLE,"GDP per capita, PPP (current international $)",NY.GDP.PCAP.PP.CD,1725.56268442808
Sierra Leone,SLE,"Mortality rate, under-5 (per 1,000 live births)",SH.DYN.MORT,112.5
Sierra Leone,SLE,"Population, total",SP.POP.TOTL,8046828
Sierra Leone,SLE,"Life expectancy at birth, total (years)",SP.DYN.LE00.IN,60.255
Singapore,SGP,"GDP per capita, PPP (current international $)",NY.GDP.PCAP.PP.CD,102431.315672936
Singapore,SGP,"Mortality rate, under-5 (per 1,000 live births)",SH.DYN.MORT,2.4
Singapore,SGP,"Population, total",SP.POP.TOTL,5703569
Singapore,SGP,"Life expectancy at birth, total (years)",SP.DYN.LE00.IN,83.5951219512195
Sint Maarten (Dutch part),SXM,"GDP per capita, PPP (current international $)",NY.GDP.PCAP.PP.CD,..
Sint Maarten (Dutch part),SXM,"Mortality rate, under-5 (per 1,000 live births)",SH.DYN.MORT,..
Sint Maarten (Dutch part),SXM,"Population, total",SP.POP.TOTL,41608
Sint Maarten (Dutch part),SXM,"Life expectancy at birth, total (years)",SP.DYN.LE00.IN,..
Slovak Republic,SVK,"GDP per capita, PPP (current international $)",NY.GDP.PCAP.PP.CD,33318.3887698805
Slovak Republic,SVK,"Mortality rate, under-5 (per 1,000 live births)",SH.DYN.MORT,5.8
Slovak Republic,SVK,"Population, total",SP.POP.TOTL,5454147
Slovak Republic,SVK,"Life expectancy at birth, total (years)",SP.DYN.LE00.IN,77.6658536585366
Slovenia,SVN,"GDP per capita, PPP (current international $)",NY.GDP.PCAP.PP.CD,41970.2033977814
Slovenia,SVN,"Mortality rate, under-5 (per 1,000 live births)",SH.DYN.MORT,2.3
Slovenia,SVN,"Population, total",SP.POP.TOTL,2088385
Slovenia,SVN,"Life expectancy at birth, total (years)",SP.DYN.LE00.IN,81.5292682926829
Solomon Islands,SLB,"GDP per capita, PPP (current international $)",NY.GDP.PCAP.PP.CD,2727.30667492159
Solomon Islands,SLB,"Mortality rate, under-5 (per 1,000 live births)",SH.DYN.MORT,20
Solomon Islands,SLB,"Population, total",SP.POP.TOTL,674993
Solomon Islands,SLB,"Life expectancy at birth, total (years)",SP.DYN.LE00.IN,70.382
Somalia,SOM,"GDP per capita, PPP (current international $)",NY.GDP.PCAP.PP.CD,1186.32682886774
Somalia,SOM,"Mortality rate, under-5 (per 1,000 live births)",SH.DYN.MORT,118.6
Somalia,SOM,"Population, total",SP.POP.TOTL,15981300
Somalia,SOM,"Life expectancy at birth, total (years)",SP.DYN.LE00.IN,57.078
South Africa,ZAF,"GDP per capita, PPP (current international $)",NY.GDP.PCAP.PP.CD,14436.8326433486
South Africa,ZAF,"Mortality rate, under-5 (per 1,000 live births)",SH.DYN.MORT,34.3
South Africa,ZAF,"Population, total",SP.POP.TOTL,58087055
South Africa,ZAF,"Life expectancy at birth, total (years)",SP.DYN.LE00.IN,66.175
South Sudan,SSD,"GDP per capita, PPP (current international $)",NY.GDP.PCAP.PP.CD,..
South Sudan,SSD,"Mortality rate, under-5 (per 1,000 live births)",SH.DYN.MORT,98.7
South Sudan,SSD,"Population, total",SP.POP.TOTL,10447666
South Sudan,SSD,"Life expectancy at birth, total (years)",SP.DYN.LE00.IN,55.912
Spain,ESP,"GDP per capita, PPP (current international $)",NY.GDP.PCAP.PP.CD,43069.1703064029
Spain,ESP,"Mortality rate, under-5 (per 1,000 live births)",SH.DYN.MORT,3.2
Spain,ESP,"Population, total",SP.POP.TOTL,47134837
Spain,ESP,"Life expectancy at birth, total (years)",SP.DYN.LE00.IN,83.8317073170732
Sri Lanka,LKA,"GDP per capita, PPP (current international $)",NY.GDP.PCAP.PP.CD,14214.6512132056
Sri Lanka,LKA,"Mortality rate, under-5 (per 1,000 live births)",SH.DYN.MORT,7.3
Sri Lanka,LKA,"Population, total",SP.POP.TOTL,21803000
Sri Lanka,LKA,"Life expectancy at birth, total (years)",SP.DYN.LE00.IN,76.008
St. Kitts and Nevis,KNA,"GDP per capita, PPP (current international $)",NY.GDP.PCAP.PP.CD,32511.2982903325
St. Kitts and Nevis,KNA,"Mortality rate, under-5 (per 1,000 live births)",SH.DYN.MORT,15.4
St. Kitts and Nevis,KNA,"Population, total",SP.POP.TOTL,47712
St. Kitts and Nevis,KNA,"Life expectancy at birth, total (years)",SP.DYN.LE00.IN,..
St. Lucia,LCA,"GDP per capita, PPP (current international $)",NY.GDP.PCAP.PP.CD,16113.3175208191
St. Lucia,LCA,"Mortality rate, under-5 (per 1,000 live births)",SH.DYN.MORT,24.1
St. Lucia,LCA,"Population, total",SP.POP.TOTL,178583
St. Lucia,LCA,"Life expectancy at birth, total (years)",SP.DYN.LE00.IN,73.445
St. Martin (French part),MAF,"GDP per capita, PPP (current international $)",NY.GDP.PCAP.PP.CD,..
St. Martin (French part),MAF,"Mortality rate, under-5 (per 1,000 live births)",SH.DYN.MORT,..
St. Martin (French part),MAF,"Population, total",SP.POP.TOTL,33121
St. Martin (French part),MAF,"Life expectancy at birth, total (years)",SP.DYN.LE00.IN,79.983
St. Vincent and the Grenadines,VCT,"GDP per capita, PPP (current international $)",NY.GDP.PCAP.PP.CD,14788.8418149788
St. Vincent and the Grenadines,VCT,"Mortality rate, under-5 (per 1,000 live births)",SH.DYN.MORT,14.6
St. Vincent and the Grenadines,VCT,"Population, total",SP.POP.TOTL,104924
St. Vincent and the Grenadines,VCT,"Life expectancy at birth, total (years)",SP.DYN.LE00.IN,72.835
Sudan,SDN,"GDP per capita, PPP (current international $)",NY.GDP.PCAP.PP.CD,4307.5673828125
Sudan,SDN,"Mortality rate, under-5 (per 1,000 live births)",SH.DYN.MORT,58.4
Sudan,SDN,"Population, total",SP.POP.TOTL,43232093
Sudan,SDN,"Life expectancy at birth, total (years)",SP.DYN.LE00.IN,65.876
Suriname,SUR,"GDP per capita, PPP (current international $)",NY.GDP.PCAP.PP.CD,19227.8400980839
Suriname,SUR,"Mortality rate, under-5 (per 1,000 live births)",SH.DYN.MORT,18.3
Suriname,SUR,"Population, total",SP.POP.TOTL,600301
Suriname,SUR,"Life expectancy at birth, total (years)",SP.DYN.LE00.IN,72.242
Sweden,SWE,"GDP per capita, PPP (current international $)",NY.GDP.PCAP.PP.CD,56404.0346866019
Sweden,SWE,"Mortality rate, under-5 (per 1,000 live births)",SH.DYN.MORT,2.6
Sweden,SWE,"Population, total",SP.POP.TOTL,10278887
Sweden,SWE,"Life expectancy at birth, total (years)",SP.DYN.LE00.IN,83.109756097561
Switzerland,CHE,"GDP per capita, PPP (current international $)",NY.GDP.PCAP.PP.CD,73715.8573988006
Switzerland,CHE,"Mortality rate, under-5 (per 1,000 live births)",SH.DYN.MORT,4
Switzerland,CHE,"Population, total",SP.POP.TOTL,8575280
Switzerland,CHE,"Life expectancy at birth, total (years)",SP.DYN.LE00.IN,83.9048780487805
Syrian Arab Republic,SYR,"GDP per capita, PPP (current international $)",NY.GDP.PCAP.PP.CD,..
Syrian Arab Republic,SYR,"Mortality rate, under-5 (per 1,000 live births)",SH.DYN.MORT,22.6
Syrian Arab Republic,SYR,"Population, total",SP.POP.TOTL,20098251
Syrian Arab Republic,SYR,"Life expectancy at birth, total (years)",SP.DYN.LE00.IN,71.822
Tajikistan,TJK,"GDP per capita, PPP (current international $)",NY.GDP.PCAP.PP.CD,3726.17292765448
Tajikistan,TJK,"Mortality rate, under-5 (per 1,000 live births)",SH.DYN.MORT,33.5
Tajikistan,TJK,"Population, total",SP.POP.TOTL,9337003
Tajikistan,TJK,"Life expectancy at birth, total (years)",SP.DYN.LE00.IN,70.867
Tanzania,TZA,"GDP per capita, PPP (current international $)",NY.GDP.PCAP.PP.CD,2686.455078125
Tanzania,TZA,"Mortality rate, under-5 (per 1,000 live births)",SH.DYN.MORT,50.4
Tanzania,TZA,"Population, total",SP.POP.TOTL,59872579
Tanzania,TZA,"Life expectancy at birth, total (years)",SP.DYN.LE00.IN,66.989
Thailand,THA,"GDP per capita, PPP (current international $)",NY.GDP.PCAP.PP.CD,18763.5090214792
Thailand,THA,"Mortality rate, under-5 (per 1,000 live births)",SH.DYN.MORT,9
Thailand,THA,"Population, total",SP.POP.TOTL,71307763
Thailand,THA,"Life expectancy at birth, total (years)",SP.DYN.LE00.IN,78.975
Timor-Leste,TLS,"GDP per capita, PPP (current international $)",NY.GDP.PCAP.PP.CD,3895.54859405964
Timor-Leste,TLS,"Mortality rate, under-5 (per 1,000 live births)",SH.DYN.MORT,53.9
Timor-Leste,TLS,"Population, total",SP.POP.TOTL,1280438
Timor-Leste,TLS,"Life expectancy at birth, total (years)",SP.DYN.LE00.IN,68.268
Togo,TGO,"GDP per capita, PPP (current international $)",NY.GDP.PCAP.PP.CD,2168.33191569227
Togo,TGO,"Mortality rate, under-5 (per 1,000 live births)",SH.DYN.MORT,66.6
Togo,TGO,"Population, total",SP.POP.TOTL,8243094
Togo,TGO,"Life expectancy at birth, total (years)",SP.DYN.LE00.IN,60.901
Tonga,TON,"GDP per capita, PPP (current international $)",NY.GDP.PCAP.PP.CD,6612.07053865337
Tonga,TON,"Mortality rate, under-5 (per 1,000 live births)",SH.DYN.MORT,11.7
Tonga,TON,"Population, total",SP.POP.TOTL,104951
Tonga,TON,"Life expectancy at birth, total (years)",SP.DYN.LE00.IN,70.871
Trinidad and Tobago,TTO,"GDP per capita, PPP (current international $)",NY.GDP.PCAP.PP.CD,26374.6733966159
Trinidad and Tobago,TTO,"Mortality rate, under-5 (per 1,000 live births)",SH.DYN.MORT,17.4
Trinidad and Tobago,TTO,"Population, total",SP.POP.TOTL,1519955
Trinidad and Tobago,TTO,"Life expectancy at birth, total (years)",SP.DYN.LE00.IN,74.228
Tunisia,TUN,"GDP per capita, PPP (current international $)",NY.GDP.PCAP.PP.CD,11552.5675465644
Tunisia,TUN,"Mortality rate, under-5 (per 1,000 live births)",SH.DYN.MORT,16.9
Tunisia,TUN,"Population, total",SP.POP.TOTL,12049314
Tunisia,TUN,"Life expectancy at birth, total (years)",SP.DYN.LE00.IN,75.993
Turkiye,TUR,"GDP per capita, PPP (current international $)",NY.GDP.PCAP.PP.CD,27708.3118758836
Turkiye,TUR,"Mortality rate, under-5 (per 1,000 live births)",SH.DYN.MORT,10.1
Turkiye,TUR,"Population, total",SP.POP.TOTL,83481684
Turkiye,TUR,"Life expectancy at birth, total (years)",SP.DYN.LE00.IN,77.832
Turkmenistan,TKM,"GDP per capita, PPP (current international $)",NY.GDP.PCAP.PP.CD,15625.3606635627
Turkmenistan,TKM,"Mortality rate, under-5 (per 1,000 live births)",SH.DYN.MORT,42.8
Turkmenistan,TKM,"Population, total",SP.POP.TOTL,6158420
Turkmenistan,TKM,"Life expectancy at birth, total (years)",SP.DYN.LE00.IN,69.002
Turks and Caicos Islands,TCA,"GDP per capita, PPP (current international $)",NY.GDP.PCAP.PP.CD,27028.0244160984
Turks and Caicos Islands,TCA,"Mortality rate, under-5 (per 1,000 live births)",SH.DYN.MORT,4.8
Turks and Caicos Islands,TCA,"Population, total",SP.POP.TOTL,43080
Turks and Caicos Islands,TCA,"Life expectancy at birth, total (years)",SP.DYN.LE00.IN,75.326
Tuvalu,TUV,"GDP per capita, PPP (current international $)",NY.GDP.PCAP.PP.CD,5019.83386372163
Tuvalu,TUV,"Mortality rate, under-5 (per 1,000 live births)",SH.DYN.MORT,22.7
Tuvalu,TUV,"Population, total",SP.POP.TOTL,10956
Tuvalu,TUV,"Life expectancy at birth, total (years)",SP.DYN.LE00.IN,64.278
Uganda,UGA,"GDP per capita, PPP (current international $)",NY.GDP.PCAP.PP.CD,2344.9758791051
Uganda,UGA,"Mortality rate, under-5 (per 1,000 live births)",SH.DYN.MORT,45.6
Uganda,UGA,"Population, total",SP.POP.TOTL,42949080
Uganda,UGA,"Life expectancy at birth, total (years)",SP.DYN.LE00.IN,62.991
Ukraine,UKR,"GDP per capita, PPP (current international $)",NY.GDP.PCAP.PP.CD,13345.3828125
Ukraine,UKR,"Mortality rate, under-5 (per 1,000 live births)",SH.DYN.MORT,8.5
Ukraine,UKR,"Population, total",SP.POP.TOTL,44386203
Ukraine,UKR,"Life expectancy at birth, total (years)",SP.DYN.LE00.IN,71.8273170731707
United Arab Emirates,ARE,"GDP per capita, PPP (current international $)",NY.GDP.PCAP.PP.CD,74811.6902150565
United Arab Emirates,ARE,"Mortality rate, under-5 (per 1,000 live births)",SH.DYN.MORT,6.8
United Arab Emirates,ARE,"Population, total",SP.POP.TOTL,9211657
United Arab Emirates,ARE,"Life expectancy at birth, total (years)",SP.DYN.LE00.IN,79.726
United Kingdom,GBR,"GDP per capita, PPP (current international $)",NY.GDP.PCAP.PP.CD,49661.384589432
United Kingdom,GBR,"Mortality rate, under-5 (per 1,000 live births)",SH.DYN.MORT,4.3
United Kingdom,GBR,"Population, total",SP.POP.TOTL,66836327
United Kingdom,GBR,"Life expectancy at birth, total (years)",SP.DYN.LE00.IN,81.2048780487805
United States,USA,"GDP per capita, PPP (current international $)",NY.GDP.PCAP.PP.CD,65094.7994287929
United States,USA,"Mortality rate, under-5 (per 1,000 live births)",SH.DYN.MORT,6.4
United States,USA,"Population, total",SP.POP.TOTL,328329953
United States,USA,"Life expectancy at birth, total (years)",SP.DYN.LE00.IN,78.7878048780488
Uruguay,URY,"GDP per capita, PPP (current international $)",NY.GDP.PCAP.PP.CD,24238.1330518821
Uruguay,URY,"Mortality rate, under-5 (per 1,000 live births)",SH.DYN.MORT,6.8
Uruguay,URY,"Population, total",SP.POP.TOTL,3428409
Uruguay,URY,"Life expectancy at birth, total (years)",SP.DYN.LE00.IN,77.508
Uzbekistan,UZB,"GDP per capita, PPP (current international $)",NY.GDP.PCAP.PP.CD,7658.27240973498
Uzbekistan,UZB,"Mortality rate, under-5 (per 1,000 live births)",SH.DYN.MORT,15.4
Uzbekistan,UZB,"Population, total",SP.POP.TOTL,33580350
Uzbekistan,UZB,"Life expectancy at birth, total (years)",SP.DYN.LE00.IN,71.344
Vanuatu,VUT,"GDP per capita, PPP (current international $)",NY.GDP.PCAP.PP.CD,3199.93372594322
Vanuatu,VUT,"Mortality rate, under-5 (per 1,000 live births)",SH.DYN.MORT,24.7
Vanuatu,VUT,"Population, total",SP.POP.TOTL,304404
Vanuatu,VUT,"Life expectancy at birth, total (years)",SP.DYN.LE00.IN,69.877
"Venezuela, RB",VEN,"GDP per capita, PPP (current international $)",NY.GDP.PCAP.PP.CD,..
"Venezuela, RB",VEN,"Mortality rate, under-5 (per 1,000 live births)",SH.DYN.MORT,24.2
"Venezuela, RB",VEN,"Population, total",SP.POP.TOTL,28971683
"Venezuela, RB",VEN,"Life expectancy at birth, total (years)",SP.DYN.LE00.IN,72.161
Vietnam,VNM,"GDP per capita, PPP (current international $)",NY.GDP.PCAP.PP.CD,10684.6862750065
Vietnam,VNM,"Mortality rate, under-5 (per 1,000 live births)",SH.DYN.MORT,21.1
Vietnam,VNM,"Population, total",SP.POP.TOTL,95776716
Vietnam,VNM,"Life expectancy at birth, total (years)",SP.DYN.LE00.IN,74.093
Virgin Islands (U.S.),VIR,"GDP per capita, PPP (current international $)",NY.GDP.PCAP.PP.CD,..
Virgin Islands (U.S.),VIR,"Mortality rate, under-5 (per 1,000 live births)",SH.DYN.MORT,..
Virgin Islands (U.S.),VIR,"Population, total",SP.POP.TOTL,106669
Virgin Islands (U.S.),VIR,"Life expectancy at birth, total (years)",SP.DYN.LE00.IN,79.6682926829268
West Bank and Gaza,PSE,"GDP per capita, PPP (current international $)",NY.GDP.PCAP.PP.CD,6509.03529929429
West Bank and Gaza,PSE,"Mortality rate, under-5 (per 1,000 live births)",SH.DYN.MORT,15.9
West Bank and Gaza,PSE,"Population, total",SP.POP.TOTL,4685306
West Bank and Gaza,PSE,"Life expectancy at birth, total (years)",SP.DYN.LE00.IN,75.241
"Yemen, Rep.",YEM,"GDP per capita, PPP (current international $)",NY.GDP.PCAP.PP.CD,..
"Yemen, Rep.",YEM,"Mortality rate, under-5 (per 1,000 live births)",SH.DYN.MORT,61.6
"Yemen, Rep.",YEM,"Population, total",SP.POP.TOTL,31546691
"Yemen, Rep.",YEM,"Life expectancy at birth, total (years)",SP.DYN.LE00.IN,65.092
Zambia,ZMB,"GDP per capita, PPP (current international $)",NY.GDP.PCAP.PP.CD,3514.68800794144
Zambia,ZMB,"Mortality rate, under-5 (per 1,000 live births)",SH.DYN.MORT,62.6
Zambia,ZMB,"Population, total",SP.POP.TOTL,18380477
Zambia,ZMB,"Life expectancy at birth, total (years)",SP.DYN.LE00.IN,62.793
Zimbabwe,ZWE,"GDP per capita, PPP (current international $)",NY.GDP.PCAP.PP.CD,2296.3902687704
Zimbabwe,ZWE,"Mortality rate, under-5 (per 1,000 live births)",SH.DYN.MORT,52.7
Zimbabwe,ZWE,"Population, total",SP.POP.TOTL,15354608
Zimbabwe,ZWE,"Life expectancy at birth, total (years)",SP.DYN.LE00.IN,61.292
,,,,
,,,,
,,,,
Data from database: World Development Indicators,,,,
Last Updated: 03/01/2023,,,,
